;date;1. open;2. high;3. low;4. close;5. volume
0;2020-04-16;121.63;125.18;114.42;115.43;18946589.0
1;2020-04-09;110.35;122.92;110.13;121.5;23351117.0
2;2020-04-03;108.09;113.81;104.521;106.34;28882211.0
3;2020-03-27;94.6;113.15;90.56;108.03;39907532.0
4;2020-03-20;98.0;107.41;94.71;95.39;47138046.0
5;2020-03-13;120.16;124.88;100.81;107.95;55580046.0
6;2020-03-06;130.75;136.095;124.52;127.73;35054761.0
7;2020-02-28;145.51;148.05;126.36;130.15;38480655.0
8;2020-02-21;149.79;151.89;148.84;149.84;12493166.0
9;2020-02-14;152.97;155.6;149.77;150.7;23423757.0
10;2020-02-07;144.25;158.75;143.9;153.41;43694755.0
11;2020-01-31;138.5;144.05;134.97;143.73;34661511.0
12;2020-01-24;137.81;145.79;137.6;140.56;34829367.0
13;2020-01-17;135.48;138.33;135.07;138.31;20831539.0
14;2020-01-10;133.42;137.87;133.2;136.69;17020619.0
15;2020-01-03;135.2;135.92;132.4;134.34;13418364.0
16;2019-12-27;135.78;136.15;134.61;135.27;8887084.0
17;2019-12-20;134.94;136.42;133.46;135.59;20036502.0
18;2019-12-13;133.35;135.6604;133.26;134.21;17504239.0
19;2019-12-06;134.45;134.5;130.689;133.22;17337693.0
20;2019-11-29;134.47;136.15;133.03;134.45;11502959.0
21;2019-11-22;134.3;135.38;132.75;134.34;16963107.0
22;2019-11-15;137.2;137.2;133.33;134.4;16169172.0
23;2019-11-08;136.24;139.135;136.16;137.61;17174941.0
24;2019-11-01;136.0;136.63;133.2;135.53;16136475.0
25;2019-10-25;132.61;135.93;130.9;135.44;19388201.0
26;2019-10-18;142.31;143.72;132.25;134.09;34208011.0
27;2019-10-11;142.26;144.5;138.25;142.76;14096608.0
28;2019-10-04;143.73;147.35;139.18;142.99;15911420.0
29;2019-09-27;141.19;145.09;140.558;143.24;12376163.0
30;2019-09-20;142.56;145.03;140.51;141.88;15262993.0
31;2019-09-13;140.59;145.46;140.46;143.67;17776693.0
32;2019-09-06;134.85;141.695;133.3301;140.57;12663912.0
33;2019-08-30;131.05;136.07;129.16;135.53;16211916.0
34;2019-08-23;134.88;136.33;128.83;129.57;16504912.0
35;2019-08-16;135.66;136.57;130.25;133.76;20933133.0
36;2019-08-09;144.98;145.1;135.35;136.13;28623442.0
37;2019-08-02;151.11;152.95;145.59;147.25;22876887.0
38;2019-07-26;150.16;151.94;148.38;151.36;16794485.0
39;2019-07-19;142.89;151.58;141.95;149.68;31893327.0
40;2019-07-12;141.05;142.92;139.13;142.74;13194248.0
41;2019-07-05;139.6;141.82;139.28;141.38;9862722.0
42;2019-06-28;139.2;140.15;137.84;137.9;15575818.0
43;2019-06-21;135.39;139.54;134.7;139.2;15851123.0
44;2019-06-14;134.38;136.46;133.91;135.15;13722199.0
45;2019-06-07;127.1;134.72;127.06;133.31;16193845.0
46;2019-05-31;132.13;132.64;126.85;126.99;14869322.0
47;2019-05-24;133.53;137.06;130.44;132.28;15557532.0
48;2019-05-17;133.28;136.11;130.96;134.32;16426011.0
49;2019-05-10;138.3;140.69;132.42;135.32;19509963.0
50;2019-05-03;139.15;141.81;138.68;140.25;16772230.0
51;2019-04-26;139.42;141.31;137.71;139.44;16961387.0
52;2019-04-18;144.4;145.39;136.26;140.33;27390537.0
53;2019-04-12;143.02;144.44;141.84;144.35;13675882.0
54;2019-04-05;141.51;144.22;141.51;143.28;14574262.0
55;2019-03-29;139.06;141.22;138.35;141.1;14257045.0
56;2019-03-22;139.83;142.12;138.72;139.45;17883337.0
57;2019-03-15;136.03;140.33;135.84;139.43;20959826.0
58;2019-03-08;139.99;140.08;133.58;135.09;18558647.0
59;2019-03-01;140.0;140.49;137.72;139.2;15273342.0
60;2019-02-22;137.81;139.38;137.2203;139.25;13238819.0
61;2019-02-15;134.29;138.185;133.91;138.03;17299173.0
62;2019-02-08;134.02;136.65;132.12;133.71;21874687.0
63;2019-02-01;133.1;135.4149;132.58;134.1;23585862.0
64;2019-01-25;123.3;135.0;121.54;133.97;44147478.0
65;2019-01-18;120.51;124.7175;119.7607;123.82;23616108.0
66;2019-01-11;117.5;121.86;116.67;121.46;19780844.0
67;2019-01-04;113.33;117.49;111.69;117.32;18047093.0
68;2018-12-28;109.9;114.8;105.94;113.03;21630293.0
69;2018-12-21;119.07;120.27;110.44;110.94;39485288.0
70;2018-12-14;119.74;123.81;118.52;119.9;23701178.0
71;2018-12-07;125.67;126.59;118.87;119.34;25801474.0
72;2018-11-30;118.37;124.69;118.06;124.27;27471124.0
73;2018-11-23;121.63;122.18;116.6955;117.19;18035587.0
74;2018-11-16;123.5;123.57;119.51;121.57;23510061.0
75;2018-11-09;116.1;125.06;116.0;123.54;48482997.0
76;2018-11-02;119.34;123.95;114.09;115.67;87773431.0
77;2018-10-26;129.58;131.9;123.71;124.79;36964774.0
78;2018-10-19;140.38;145.45;127.96;129.1;50928336.0
79;2018-10-12;148.5;149.07;138.78;140.85;27703434.0
80;2018-10-05;151.71;154.36;147.87;149.03;18943237.0
81;2018-09-28;151.1;153.35;148.36;151.21;22847744.0
82;2018-09-21;148.44;152.6;147.47;151.35;37327961.0
83;2018-09-14;146.6;149.3;145.25;148.33;20298346.0
84;2018-09-07;145.98;147.66;144.81;145.45;15394651.0
85;2018-08-31;146.94;147.93;145.25;146.48;15929583.0
86;2018-08-24;146.37;147.16;144.75;146.04;12992907.0
87;2018-08-17;144.15;146.39;142.0;146.06;17890077.0
88;2018-08-10;146.95;147.64;143.88;144.48;17100909.0
89;2018-08-03;144.8;147.92;142.33;147.7;24366161.0
90;2018-07-27;146.35;149.27;144.66;145.15;19940363.0
91;2018-07-20;145.67;150.54;142.7351;146.35;36572622.0
92;2018-07-13;142.59;146.9799;142.47;145.9;17395351.0
93;2018-07-06;138.28;142.94;138.2;142.48;12024030.0
94;2018-06-29;140.4;141.359;137.45;139.7;25451478.0
95;2018-06-22;144.18;144.52;140.78;141.28;21004666.0
96;2018-06-15;146.62;147.52;143.7;145.39;21311072.0
97;2018-06-08;142.3;146.7;142.18;146.14;18618365.0
98;2018-06-01;142.53;143.1;140.21;141.95;20343954.0
99;2018-05-25;144.95;146.204;142.95;143.64;16951460.0
100;2018-05-18;144.47;145.19;142.92;144.08;16304020.0
101;2018-05-11;144.0;144.85;141.28;144.14;20021856.0
102;2018-05-04;146.86;147.38;139.9;143.91;23464605.0
103;2018-04-27;145.03;147.36;144.111;146.48;25028049.0
104;2018-04-20;157.99;162.0;144.51;144.9;51127683.0
105;2018-04-13;151.8;159.22;151.7433;156.71;21372171.0
106;2018-04-06;153.34;154.92;147.45;150.57;20949699.0
107;2018-03-29;151.21;154.8697;150.28;153.43;14934365.0
108;2018-03-23;159.71;159.8899;148.541;148.89;21959274.0
109;2018-03-16;159.64;162.1122;157.74;160.26;25076217.0
110;2018-03-09;154.12;159.5825;153.75;159.31;22842811.0
111;2018-03-02;155.81;159.78;151.88;154.49;18831762.0
112;2018-02-23;155.79;156.79;152.79;155.52;14987102.0
113;2018-02-16;150.9;157.7905;149.64;156.18;25701914.0
114;2018-02-09;157.89;158.5;144.3955;149.51;38856237.0
115;2018-02-02;167.45;168.39;158.8663;159.03;21842492.0
116;2018-01-26;161.51;168.72;161.11;167.34;28170112.0
117;2018-01-19;165.1;171.13;161.3;162.37;51246304.0
118;2018-01-12;162.66;164.94;161.701;163.14;22376145.0
119;2018-01-05;154.5;162.9;153.54;162.49;26160206.0
120;2017-12-29;152.51;154.72;152.5;153.42;10573732.0
121;2017-12-22;153.41;154.18;151.49;152.5;20045931.0
122;2017-12-15;154.97;157.85;152.03;152.5;31101402.0
123;2017-12-08;155.67;156.8;153.26;154.81;20236835.0
124;2017-12-01;152.06;155.02;151.62;154.76;24386604.0
125;2017-11-24;150.64;152.45;149.9;151.84;13728716.0
126;2017-11-17;148.88;150.15;146.211;148.97;23731918.0
127;2017-11-10;151.77;151.82;149.14;149.16;21896399.0
128;2017-11-03;153.76;154.93;151.49;151.58;19467703.0
129;2017-10-27;162.05;162.51;152.911;153.68;28529638.0
130;2017-10-20;147.22;162.48;146.18;162.07;56148944.0
131;2017-10-13;146.5;148.95;146.35;147.1;16128636.0
132;2017-10-06;145.35;147.54;145.21;146.48;12252293.0
133;2017-09-29;145.12;147.42;144.21;145.08;18131168.0
134;2017-09-22;144.81;145.8911;144.22;145.13;16890140.0
135;2017-09-15;143.54;146.38;143.01;144.82;24882951.0
136;2017-09-08;143.5;144.64;141.64;142.45;13803467.0
137;2017-09-01;144.11;144.56;141.9;144.08;17765494.0
138;2017-08-25;139.59;144.19;139.13;143.74;15927109.0
139;2017-08-18;142.0;143.34;139.58;139.7;18585485.0
140;2017-08-11;145.0;145.09;141.19;141.84;18161288.0
141;2017-08-04;144.38;145.39;144.17;145.16;16503121.0
142;2017-07-28;147.0;147.49;143.64;144.29;21206630.0
143;2017-07-21;153.59;154.29;146.51;147.08;39223438.0
144;2017-07-14;152.91;154.615;152.05;154.24;15015697.0
145;2017-07-07;153.58;156.025;152.14;152.94;11462576.0
146;2017-06-30;154.71;155.75;153.14;153.83;13465670.0
147;2017-06-23;155.51;155.86;153.39;154.11;18294998.0
148;2017-06-16;154.19;157.2;152.94;155.38;23761609.0
149;2017-06-09;151.82;154.265;150.8;154.1;20653101.0
150;2017-06-02;151.95;153.2;151.59;152.05;13583558.0
151;2017-05-26;152.1;153.73;151.23;152.49;14563625.0
152;2017-05-19;150.62;154.14;150.11;151.98;23606431.0
153;2017-05-12;152.8;153.47;149.79;150.37;28432713.0
154;2017-05-05;160.05;160.42;153.0;155.05;28746997.0
155;2017-04-28;161.29;162.04;159.63;160.29;22585454.0
156;2017-04-21;169.75;171.69;159.6;160.38;22353091.0
157;2017-04-13;172.53;172.56;168.98;169.53;15162492.0
158;2017-04-07;173.82;176.33;171.28;172.14;20657952.0
159;2017-03-31;172.69;175.0;172.0937;174.14;15949938.0
160;2017-03-24;175.65;176.23;172.8;173.83;16816026.0
161;2017-03-17;177.85;179.0;174.75;175.65;20678038.0
162;2017-03-10;179.72;181.29;175.88;177.83;18283618.0
163;2017-03-03;181.19;182.55;179.28;180.05;14713309.0
164;2017-02-24;180.6;182.5;179.12;181.35;13082284.0
165;2017-02-17;179.24;182.79;178.35;180.67;15587334.0
166;2017-02-10;175.31;178.8701;174.38;178.68;15458288.0
167;2017-02-03;176.98;177.07;172.89;175.82;16952754.0
168;2017-01-27;170.08;179.25;170.01;177.3;24898161.0
169;2017-01-20;166.69;170.64;165.8;170.55;26891514.0
170;2017-01-13;169.47;169.8;165.34;167.34;16710843.0
171;2017-01-06;167.0;169.92;166.01;169.53;11943248.0
172;2016-12-30;166.98;167.98;165.5;165.99;7770697.0
173;2016-12-23;166.83;168.25;165.25;166.71;13209502.0
174;2016-12-16;166.72;169.952;165.07;166.73;23953742.0
175;2016-12-09;160.85;166.72;158.93;166.52;17154330.0
176;2016-12-02;163.2;164.66;158.3;160.02;19370850.0
177;2016-11-25;160.69;163.19;160.3697;163.14;11269212.0
178;2016-11-18;161.25;161.86;157.55;160.39;16168917.0
179;2016-11-11;153.99;161.34;151.0;161.27;25292112.0
180;2016-11-04;152.76;154.33;151.67;152.43;15168515.0
181;2016-10-28;150.4;154.44;149.83;152.61;16009359.0
182;2016-10-21;154.45;155.89;147.79;149.63;31731091.0
183;2016-10-14;156.71;158.49;152.27;154.45;15614452.0
184;2016-10-07;158.06;158.53;154.86;155.67;11417766.0
185;2016-09-30;154.46;165.0;153.46;158.85;15801644.0
186;2016-09-23;154.87;157.22;153.87;154.98;12476162.0
187;2016-09-16;155.26;158.53;153.21;153.84;21990587.0
188;2016-09-09;159.88;161.76;155.65;155.69;15009419.0
189;2016-09-02;158.83;160.57;158.1;159.55;11286596.0
190;2016-08-26;160.0;161.34;157.85;158.32;13571765.0
191;2016-08-19;162.4;162.97;159.52;160.04;14873739.0
192;2016-08-12;162.73;164.95;161.52;161.95;19554950.0
193;2016-08-05;160.65;163.51;159.8;163.51;15067283.0
194;2016-07-29;162.0;163.6;160.03;160.62;13747991.0
195;2016-07-22;159.3;162.17;157.89;162.07;24775973.0
196;2016-07-15;154.6;161.4;154.5;159.78;18535456.0
197;2016-07-08;151.19;154.6;149.92;154.46;10213227.0
198;2016-07-01;146.18;152.97;142.5;152.35;19155814.0
199;2016-06-24;152.6;155.48;146.18;146.59;22214411.0
200;2016-06-17;151.63;152.72;149.0;151.99;15849580.0
201;2016-06-10;153.09;154.09;151.86;152.37;14920842.0
202;2016-06-03;152.56;153.81;151.54;152.89;13470239.0
203;2016-05-27;147.61;152.93;146.66;152.84;14910875.0
204;2016-05-20;147.65;149.99;143.955;147.25;16406443.0
205;2016-05-13;147.7;151.09;147.01;147.72;17034303.0
206;2016-05-06;146.56;147.97;142.9;147.29;21059912.0
207;2016-04-29;148.16;150.78;144.191;145.94;16956550.0
208;2016-04-22;151.75;153.14;142.61;148.5;37688644.0
209;2016-04-15;150.26;152.76;148.58;151.72;17443203.0
210;2016-04-08;152.34;153.52;147.81;149.35;18417556.0
211;2016-04-01;147.75;153.1;147.23;152.52;20439783.0
212;2016-03-24;147.3;149.28;144.49;147.95;17611709.0
213;2016-03-18;142.01;147.51;141.04;147.09;29886417.0
214;2016-03-11;137.28;142.9236;136.8718;142.36;23556160.0
215;2016-03-04;132.0;139.42;130.9;137.8;22557187.0
216;2016-02-26;133.84;134.92;129.68;132.03;20763400.0
217;2016-02-19;121.83;134.0;121.34;133.08;23958762.0
218;2016-02-12;126.0;127.51;116.901;121.04;32025579.0
219;2016-02-05;124.4;128.64;122.29;128.57;25527891.0
220;2016-01-29;122.1;124.79;120.65;124.79;27278749.0
221;2016-01-22;130.11;132.1;118.0;122.5;44203492.0
222;2016-01-15;131.81;134.2799;128.87;130.03;29470082.0
223;2016-01-08;135.6;136.89;131.32;131.63;25251873.0
224;2015-12-31;137.74;140.44;136.54;137.62;13538507.0
225;2015-12-24;135.83;139.305;134.02;138.25;16540309.0
226;2015-12-18;135.31;139.65;134.02;134.9;27823388.0
227;2015-12-11;140.16;140.41;133.91;134.57;21354563.0
228;2015-12-04;138.61;141.4;137.99;140.43;22935841.0
229;2015-11-27;138.53;139.34;137.12;138.46;13199481.0
230;2015-11-20;131.79;138.915;131.79;138.5;21083793.0
231;2015-11-13;137.92;138.08;131.65;131.75;25069755.0
232;2015-11-06;140.5;142.8;137.87;138.25;21526383.0
233;2015-10-30;144.75;145.0;137.33;140.08;34698762.0
234;2015-10-23;149.85;149.97;139.3;144.68;42068316.0
235;2015-10-16;152.4;152.58;148.58;150.39;17455488.0
236;2015-10-09;145.82;153.147;145.82;152.39;19465122.0
237;2015-10-02;144.42;145.71;140.56;144.58;19914471.0
238;2015-09-25;145.39;146.98;141.95;145.42;16815584.0
239;2015-09-18;147.37;149.68;143.98;144.51;20721826.0
240;2015-09-11;145.86;149.04;144.51;147.37;13916382.0
241;2015-09-04;147.38;148.4;141.85;143.7;21421138.0
242;2015-08-28;143.47;148.97;140.62;147.98;32508092.0
243;2015-08-21;155.2;156.69;148.7;148.85;19846207.0
244;2015-08-14;156.77;157.4652;153.95;155.75;17165086.0
245;2015-08-07;161.7;161.85;154.335;155.12;20138504.0
246;2015-07-31;159.0;162.06;158.5;161.99;15380412.0
247;2015-07-24;172.79;173.78;159.41;159.75;37075256.0
248;2015-07-17;167.93;172.52;167.52;172.51;17138495.0
249;2015-07-10;163.83;167.4;162.2317;166.95;18143986.0
250;2015-07-02;163.92;165.61;162.12;165.09;12979210.0
251;2015-06-26;167.65;169.97;165.23;165.46;20939777.0
252;2015-06-19;165.33;168.72;164.25;166.99;20761376.0
253;2015-06-12;167.17;170.44;163.37;166.99;18364270.0
254;2015-06-05;170.21;171.5601;167.2;167.4;13868111.0
255;2015-05-29;172.11;172.48;169.13;169.65;12435919.0
256;2015-05-22;173.44;174.44;171.93;172.22;11939607.0
257;2015-05-15;172.65;174.41;168.84;173.26;13435074.0
258;2015-05-08;174.47;176.3;168.86;172.68;16793441.0
259;2015-05-01;170.89;175.1303;170.02;173.67;21874751.0
260;2015-04-24;162.1;171.91;161.9;169.78;35436301.0
261;2015-04-17;162.37;164.96;160.03;160.67;17532781.0
262;2015-04-10;159.69;163.84;158.702;162.86;13917063.0
263;2015-04-02;161.31;163.6;158.39;160.45;16765545.0
264;2015-03-27;162.77;165.35;158.91;160.4;23569213.0
265;2015-03-20;155.05;163.0;154.8;162.88;25684872.0
266;2015-03-13;158.2;161.15;153.4;154.28;26135448.0
267;2015-03-06;161.68;161.89;158.06;158.5;21117049.0
268;2015-02-27;164.23;164.99;159.77;161.94;22941227.0
269;2015-02-20;159.75;164.49;159.73;163.65;14108892.0
270;2015-02-13;156.0;160.8;155.08;160.4;18164756.0
271;2015-02-06;154.0;158.71;151.51;156.72;22439830.0
272;2015-01-30;158.26;159.46;149.52;153.31;32927307.0
273;2015-01-23;156.7;157.6;151.07;155.87;31230797.0
274;2015-01-16;159.0;159.97;153.74;157.14;23272056.0
275;2015-01-09;161.27;161.27;154.03;159.11;24440360.0
276;2015-01-02;162.0;163.31;159.45;162.06;15698987.0
277;2014-12-26;158.33;163.09;158.33;162.34;12508916.0
278;2014-12-19;155.93;160.41;150.5;158.51;34588770.0
279;2014-12-12;163.29;163.33;155.33;155.38;23397756.0
280;2014-12-05;161.64;164.52;161.35;163.27;20945441.0
281;2014-11-28;161.54;163.86;161.01;162.17;17053892.0
282;2014-11-21;164.16;164.97;159.8;160.92;22273217.0
283;2014-11-14;161.9;164.49;161.61;164.16;20088151.0
284;2014-11-07;164.25;164.54;160.05;162.07;20603321.0
285;2014-10-31;162.0;165.59;161.8;164.4;27342119.0
286;2014-10-24;166.845;170.331;161.1;162.08;69701346.0
287;2014-10-17;185.49;186.65;178.69;182.05;24355568.0
288;2014-10-10;189.69;190.89;185.1;185.93;15795271.0
289;2014-10-03;188.51;190.85;186.24;188.67;14352364.0
290;2014-09-26;193.72;194.14;188.61;190.06;16209901.0
291;2014-09-19;191.42;195.0;190.58;194.0;20044000.0
292;2014-09-12;190.75;192.78;189.51;191.28;12878100.0
293;2014-09-05;192.68;192.97;190.06;191.2;9627700.0
294;2014-08-29;191.39;194.133;190.66;192.3;11487700.0
295;2014-08-22;188.1;192.07;187.76;190.41;11074800.0
296;2014-08-15;187.81;188.88;186.28;187.38;10927100.0
297;2014-08-08;189.35;189.95;183.58;186.63;14770900.0
298;2014-08-01;194.3;196.4;188.86;189.15;19838900.0
299;2014-07-25;191.3;195.9;189.25;194.4;19580700.0
300;2014-07-18;188.55;195.95;188.21;192.5;34217100.0
301;2014-07-11;187.61;188.9;186.21;188.0;14983700.0
302;2014-07-03;181.33;188.99;180.26;188.53;18382300.0
303;2014-06-27;181.92;183.0;179.27;181.71;17703900.0
304;2014-06-20;182.4;184.47;181.235;181.55;24186800.0
305;2014-06-13;186.22;187.64;180.91;182.56;18143900.0
306;2014-06-06;184.76;187.65;183.92;186.37;14243300.0
307;2014-05-30;184.8;185.65;182.33;184.36;15895800.0
308;2014-05-23;186.61;187.16;184.7;185.94;14066100.0
309;2014-05-16;191.12;193.03;185.93;187.06;19407200.0
310;2014-05-09;191.05;191.49;186.93;190.08;13925300.0
311;2014-05-02;191.14;196.86;190.58;191.44;21195300.0
312;2014-04-25;189.8;193.0;189.11;189.63;22312800.0
313;2014-04-17;196.24;198.71;187.01;190.01;30565200.0
314;2014-04-11;191.72;199.21;191.57;195.19;30598500.0
315;2014-04-04;191.64;195.13;191.28;191.77;29036500.0
316;2014-03-28;187.43;195.63;187.37;190.45;35465000.0
317;2014-03-21;182.66;188.7;182.66;186.67;30821100.0
318;2014-03-14;187.55;188.45;182.21;182.21;24057200.0
319;2014-03-07;183.33;188.92;182.82;187.68;20103400.0
320;2014-02-28;182.82;186.12;182.82;185.17;20734000.0
321;2014-02-21;183.18;185.71;182.32;182.79;19774200.0
322;2014-02-14;176.97;184.43;176.25;183.69;21312600.0
323;2014-02-07;176.02;177.56;172.19;177.25;25234000.0
324;2014-01-31;179.605;179.65;175.34;176.68;25559900.0
325;2014-01-24;190.23;190.39;179.64;179.64;38736900.0
326;2014-01-17;186.26;190.81;183.86;190.09;27635300.0
327;2014-01-10;187.15;190.35;185.3;187.26;22947500.0
328;2014-01-03;185.32;187.79;184.67;186.64;15248000.0
329;2013-12-27;181.05;186.5;180.61;185.08;12400800.0
330;2013-12-20;173.22;182.0;172.73;180.02;32267100.0
331;2013-12-13;177.99;178.152;172.73;172.8;21870800.0
332;2013-12-06;179.46;179.59;175.16;177.67;24816100.0
333;2013-11-29;180.25;180.76;177.31;179.68;20384900.0
334;2013-11-22;183.52;186.24;179.92;181.3;25637400.0
335;2013-11-15;180.19;184.0487;179.66;183.19;25682800.0
336;2013-11-08;179.9;181.39;177.35;179.99;25635300.0
337;2013-11-01;177.04;182.32;176.2;179.23;25853600.0
338;2013-10-25;174.42;179.1;172.6301;176.85;29861500.0
339;2013-10-18;185.41;186.99;172.57;173.78;45663100.0
340;2013-10-11;181.85;186.23;178.71;186.16;20859700.0
341;2013-10-04;185.56;186.74;183.0;184.1;16351900.0
342;2013-09-27;190.06;192.41;186.45;186.92;15079700.0
343;2013-09-20;193.7;194.89;190.02;190.02;22379100.0
344;2013-09-13;183.68;193.1;183.31;192.17;18194900.0
345;2013-09-06;183.63;185.0;182.31;183.03;11856200.0
346;2013-08-30;185.27;187.0;181.1;182.27;15052200.0
347;2013-08-23;185.3;186.57;183.1685;185.42;14564700.0
348;2013-08-16;186.97;189.99;185.34;185.34;16580500.0
349;2013-08-09;195.16;195.88;186.79;187.82;20128300.0
350;2013-08-02;196.83;197.83;193.2215;195.16;15338600.0
351;2013-07-26;193.4;197.83;193.2804;197.35;14719100.0
352;2013-07-19;192.42;200.94;191.68;193.54;31679400.0
353;2013-07-12;195.6;195.78;190.78;192.07;20715900.0
354;2013-07-05;192.15;195.16;190.26;194.93;12378100.0
355;2013-06-28;193.99;196.9;188.41;191.11;25092600.0
356;2013-06-21;203.44;206.09;193.5401;195.46;22773400.0
357;2013-06-14;206.97;206.98;200.34;202.2;14580500.0
358;2013-06-07;208.25;210.05;201.47;206.35;17768500.0
359;2013-05-31;207.44;211.98;206.04;208.02;16799600.0
360;2013-05-24;208.02;210.15;204.42;205.72;20259100.0
361;2013-05-17;204.18;209.5;202.04;208.44;21587300.0
362;2013-05-10;203.79;205.0;201.52;204.47;18700700.0
363;2013-05-03;194.78;205.319;194.65;204.51;26809200.0
364;2013-04-26;191.15;195.17;187.68;194.31;27976600.0
365;2013-04-19;210.44;212.0;189.76;190.0;35696400.0
366;2013-04-12;209.07;213.09;207.33;211.38;15273700.0
367;2013-04-05;212.8;214.89;206.34;209.41;16247600.0
368;2013-03-28;212.54;213.44;209.735;213.3;12516100.0
369;2013-03-22;212.9;215.82;210.11;212.08;18085500.0
370;2013-03-15;210.04;215.9;209.04;214.92;23433000.0
371;2013-03-08;202.59;210.74;202.55;210.38;18680900.0
372;2013-03-01;201.67;203.123;197.51;202.91;19419000.0
373;2013-02-22;200.6;201.89;198.11;201.09;13744500.0
374;2013-02-15;200.98;201.95;199.02;200.98;14498300.0
375;2013-02-08;204.19;205.02;198.68;201.68;16419900.0
376;2013-02-01;204.85;206.22;202.96;205.18;15901300.0
377;2013-01-25;194.36;208.58;194.01;204.97;27508900.0
378;2013-01-18;192.82;195.0;190.39;194.47;19748400.0
379;2013-01-11;193.4;195.0;191.28;194.45;16589700.0
380;2013-01-04;189.23;196.35;188.84;193.99;15943900.0
381;2012-12-28;193.05;193.83;189.83;189.83;11911900.0
382;2012-12-21;191.76;196.45;191.57;193.42;24598600.0
383;2012-12-14;192.17;194.8;191.26;191.76;19274500.0
384;2012-12-07;190.76;192.2;186.94;191.95;18850300.0
385;2012-11-30;192.45;193.37;189.27;190.07;21119100.0
386;2012-11-23;188.62;193.49;188.25;193.49;15826300.0
387;2012-11-16;190.03;190.88;184.78;186.94;18951000.0
388;2012-11-09;192.36;196.75;188.88;189.64;17977200.0
389;2012-11-02;194.8;198.0;193.29;193.43;14071200.0
390;2012-10-26;193.71;194.68;190.56;193.27;19824000.0
391;2012-10-19;208.88;211.0;193.18;193.36;37283100.0
392;2012-10-12;210.02;210.74;205.05;207.8;15209500.0
393;2012-10-05;208.01;211.79;207.94;210.59;17786100.0
394;2012-09-28;205.02;208.32;203.9;207.45;17962400.0
395;2012-09-21;205.55;207.99;205.3;205.98;24867400.0
396;2012-09-14;199.39;207.65;198.73;206.81;19339300.0
397;2012-09-07;196.61;199.5;193.25;199.5;15172300.0
398;2012-08-31;197.96;198.3;193.18;194.85;13113600.0
399;2012-08-24;200.69;201.13;194.2;197.77;14140300.0
400;2012-08-17;198.88;202.0;197.72;201.22;12373700.0
401;2012-08-10;198.76;200.88;197.24;199.29;12376100.0
402;2012-08-03;196.32;198.95;193.02;198.52;14944000.0
403;2012-07-27;189.78;197.41;188.2;196.39;18795600.0
404;2012-07-20;185.58;196.85;183.2;192.45;31507600.0
405;2012-07-13;190.76;191.14;181.85;186.01;22998800.0
406;2012-07-06;196.36;197.2;189.74;191.41;11920500.0
407;2012-06-29;192.48;195.81;188.9;195.58;18637100.0
408;2012-06-22;197.57;199.99;193.19;193.7;23194300.0
409;2012-06-15;196.6;199.27;192.14;199.1;19518700.0
410;2012-06-08;188.34;195.8299;187.0;195.14;18002600.0
411;2012-06-01;195.22;198.08;188.6;189.08;21714900.0
412;2012-05-25;195.98;198.26;193.2;194.3;17970000.0
413;2012-05-18;199.92;201.4679;195.16;195.88;22381000.0
414;2012-05-11;203.96;204.77;199.06;201.17;17219400.0
415;2012-05-04;206.71;208.929;204.4;204.99;14699600.0
416;2012-04-27;197.89;208.17;196.791;206.81;20048100.0
417;2012-04-20;204.74;207.64;197.521;199.6;30566700.0
418;2012-04-13;204.4;206.17;202.17;202.8;17522600.0
419;2012-04-05;208.96;210.69;204.46;205.47;15692400.0
420;2012-03-30;206.45;209.12;206.02;208.65;16007300.0
421;2012-03-23;205.71;206.53;203.702;205.48;17132200.0
422;2012-03-16;200.93;207.52;200.23;206.01;25846100.0
423;2012-03-09;198.36;201.19;196.812;200.62;21823600.0
424;2012-03-02;196.78;199.17;196.1;198.81;19330600.0
425;2012-02-24;193.73;199.23;192.46;197.76;17955300.0
426;2012-02-17;193.31;193.86;190.831;193.42;17149800.0
427;2012-02-10;192.48;194.46;191.28;192.42;18144100.0
428;2012-02-03;189.39;194.81;188.22;193.64;22703600.0
429;2012-01-27;187.91;192.79;187.67;190.46;22822200.0
430;2012-01-20;180.36;188.97;179.32;188.52;32020900.0
431;2012-01-13;182.2;183.72;177.3472;179.16;26633200.0
432;2012-01-06;186.73;188.71;182.31;182.54;19352900.0
433;2011-12-30;184.97;186.48;183.34;183.88;12119700.0
434;2011-12-23;184.51;187.33;179.04;184.75;27166800.0
435;2011-12-16;193.64;194.3;181.91;183.57;30186100.0
436;2011-12-09;191.18;194.9;190.32;194.56;24142900.0
437;2011-12-02;182.71;191.33;180.67;189.66;25843600.0
438;2011-11-25;183.37;183.96;177.06;177.06;16357400.0
439;2011-11-18;189.17;189.97;183.39;185.24;25522100.0
440;2011-11-11;186.22;187.88;181.16;187.38;20903100.0
441;2011-11-04;185.59;187.78;180.74;186.38;22918900.0
442;2011-10-28;181.51;188.07;179.03;187.45;28719000.0
443;2011-10-21;189.71;190.16;176.17;181.63;46796000.0
444;2011-10-14;183.0;190.53;182.9;190.53;26220900.0
445;2011-10-07;174.36;183.72;168.88;182.39;38117800.0
446;2011-09-30;170.96;180.91;169.86;174.87;36868400.0
447;2011-09-23;169.5;177.67;165.76;169.34;31790500.0
448;2011-09-16;159.64;172.99;158.76;172.99;33464200.0
449;2011-09-09;163.06;169.58;160.81;161.37;25328900.0
450;2011-09-02;170.58;173.72;166.0;166.98;26288300.0
451;2011-08-26;161.35;169.33;157.62;169.14;33789200.0
452;2011-08-19;171.32;174.0;157.13;157.54;47511700.0
453;2011-08-12;168.83;172.61;161.85;168.2;56678700.0
454;2011-08-05;182.6;183.69;166.52;172.98;41229200.0
455;2011-07-29;183.89;184.96;179.73;181.85;26294400.0
456;2011-07-22;174.73;185.63;173.58;185.18;37500900.0
457;2011-07-15;174.9;176.32;173.84;175.54;23838300.0
458;2011-07-08;173.52;177.77;173.52;176.49;20777900.0
459;2011-07-01;165.74;174.65;165.21;174.54;23400700.0
460;2011-06-24;163.7;166.81;163.59;165.07;22978000.0
461;2011-06-17;164.44;165.1;161.52;164.44;29385600.0
462;2011-06-10;164.76;165.96;162.87;163.18;20640600.0
463;2011-06-03;168.44;169.89;164.13;165.05;23342600.0
464;2011-05-27;168.58;168.69;165.9;167.5;22718600.0
465;2011-05-20;169.81;171.41;166.53;170.16;25997900.0
466;2011-05-13;168.39;172.77;167.82;169.92;23498700.0
467;2011-05-06;172.11;173.54;167.5;168.89;29465600.0
468;2011-04-29;167.65;173.0;167.23;170.58;26858900.0
469;2011-04-21;164.64;168.45;162.19;168.28;29758000.0
470;2011-04-15;163.44;166.34;162.3;166.21;22168000.0
471;2011-04-08;164.42;164.75;163.16;164.05;17602700.0
472;2011-04-01;161.54;164.42;161.12;164.27;19066300.0
473;2011-03-25;157.64;162.74;157.07;162.18;25371800.0
474;2011-03-18;161.16;161.9804;151.71;155.89;41798000.0
475;2011-03-11;161.6;167.72;158.85;162.43;31095800.0
476;2011-03-04;162.36;164.31;159.41;161.83;21537300.0
477;2011-02-25;163.57;164.26;159.03;162.28;21433300.0
478;2011-02-18;164.18;164.84;162.52;164.84;18590000.0
479;2011-02-11;164.08;166.25;163.18;163.85;26097300.0
480;2011-02-04;159.18;164.2;158.68;164.0;25371100.0
481;2011-01-28;155.42;164.35;155.33;159.21;32502900.0
482;2011-01-21;149.82;156.78;149.38;155.5;35766800.0
483;2011-01-14;147.58;150.0;146.75;150.0;19878500.0
484;2011-01-07;147.21;148.86;146.64;147.93;23486200.0
485;2010-12-31;145.12;147.5;145.0;146.76;14684300.0
486;2010-12-23;145.39;146.4;144.33;145.89;13585400.0
487;2010-12-17;145.14;146.01;144.15;145.0;28194800.0
488;2010-12-10;144.54;146.2999;143.52;144.82;21020900.0
489;2010-12-03;143.53;145.85;141.28;145.38;28622500.0
490;2010-11-26;144.0;146.44;142.33;143.9;15256400.0
491;2010-11-19;143.89;145.35;141.18;145.05;24207800.0
492;2010-11-12;145.35;147.53;143.35;143.74;24816000.0
493;2010-11-05;143.64;146.93;142.32;146.92;27101400.0
494;2010-10-29;140.42;144.0;138.53;143.6;32583300.0
495;2010-10-22;140.9;143.03;136.7;139.67;41753800.0
496;2010-10-15;138.79;142.1;138.27;141.06;31299400.0
497;2010-10-08;135.23;139.09;134.39;138.85;26027000.0
498;2010-10-01;133.51;136.28;133.51;135.64;30834900.0
499;2010-09-24;130.24;134.15;130.11;134.11;28357000.0
500;2010-09-17;128.63;130.6;128.43;130.19;29966700.0
501;2010-09-10;126.99;128.29;125.39;127.99;16686200.0
502;2010-09-03;125.08;127.6;122.28;127.58;25097500.0
503;2010-08-27;127.57;128.03;122.42;124.73;28851700.0
504;2010-08-20;127.47;130.195;126.96;127.5;24839400.0
505;2010-08-13;130.79;132.49;127.33;127.87;27721100.0
506;2010-08-06;129.25;131.98;128.76;130.14;26753600.0
507;2010-07-30;128.18;129.5;127.04;128.4;29087100.0
508;2010-07-23;128.67;130.38;122.93;128.38;45328500.0
509;2010-07-16;127.37;131.6;127.16;128.03;30691500.0
510;2010-07-09;123.58;128.2;122.17;127.96;22776300.0
511;2010-07-02;127.65;129.47;120.61;121.86;39925900.0
512;2010-06-25;131.42;131.94;127.12;127.12;35729700.0
513;2010-06-18;128.5;131.25;128.34;130.15;34958900.0
514;2010-06-11;125.57;128.8;122.82;128.45;36446000.0
515;2010-06-04;124.69;128.22;124.2;125.28;31155200.0
516;2010-05-28;125.26;126.39;121.47;125.26;40594400.0
517;2010-05-21;130.68;131.99;121.4;125.42;52738700.0
518;2010-05-14;126.27;133.1;125.06;131.19;52007600.0
519;2010-05-07;129.39;130.14;116.0;122.1;43103500.0
520;2010-04-30;129.76;132.0;128.71;129.0;35378000.0
521;2010-04-23;130.38;132.28;127.77;129.99;46345200.0
522;2010-04-16;128.57;132.17;127.84;130.63;35328700.0
523;2010-04-09;128.38;129.8;127.12;128.76;24394000.0
524;2010-04-01;129.3;129.95;127.55;128.25;17954900.0
525;2010-03-26;127.11;130.73;126.57;129.26;31453700.0
526;2010-03-19;127.4;128.93;126.78;127.71;32679700.0
527;2010-03-12;127.06;128.37;125.2;127.94;33736000.0
528;2010-03-05;127.5;129.09;125.47;127.25;29153500.0
529;2010-02-26;127.3;128.27;125.57;127.16;23624900.0
530;2010-02-19;124.91;128.06;124.11;127.19;24433700.0
531;2010-02-12;123.15;124.2;121.61;124.0;30088800.0
532;2010-02-05;123.23;126.07;121.83;122.97;35063800.0
533;2010-01-29;126.33;127.75;121.9;122.39;42786400.0
534;2010-01-22;131.63;134.25;125.37;125.5;48810900.0
535;2010-01-15;131.06;132.89;128.67;131.78;35873500.0
536;2010-01-08;131.18;132.97;128.91;130.85;28639800.0
537;2009-12-31;130.99;132.85;130.68;130.9;18075000.0
538;2009-12-24;127.8;130.57;127.68;130.57;18700700.0
539;2009-12-18;129.65;129.98;127.0;127.91;34452500.0
540;2009-12-11;126.88;129.77;126.11;129.68;29242700.0
541;2009-12-04;125.12;128.9;124.92;127.25;30307700.0
542;2009-11-27;127.7;128.94;124.26;125.7;19106900.0
543;2009-11-20;127.17;128.655;126.46;126.96;23482700.0
544;2009-11-13;123.92;127.8;123.49;127.03;31065000.0
545;2009-11-06;120.61;123.5;119.5;123.49;30790900.0
546;2009-10-30;120.61;124.3;119.15;120.61;38785400.0
547;2009-10-23;121.76;124.11;120.0;120.36;36292000.0
548;2009-10-16;125.44;128.61;121.25;121.64;55978800.0
549;2009-10-09;118.9;126.0;118.13;125.93;37825500.0
550;2009-10-02;120.52;122.0;117.26;119.02;37380100.0
551;2009-09-25;121.03;122.74;120.1;121.08;26232600.0
552;2009-09-18;117.0;122.88;116.94;122.11;40859700.0
553;2009-09-11;117.94;119.25;116.16;118.05;21828700.0
554;2009-09-04;117.1;118.93;115.15;117.46;25309900.0
555;2009-08-28;119.92;120.88;117.51;118.22;26123700.0
556;2009-08-21;116.69;120.01;116.12;119.9;27622200.0
557;2009-08-14;118.17;119.96;117.32;118.57;25401100.0
558;2009-08-07;118.88;119.96;116.7;119.33;27893800.0
559;2009-07-31;116.95;119.37;116.05;117.93;28085700.0
560;2009-07-24;114.53;118.15;114.39;117.64;42520000.0
561;2009-07-17;101.28;115.53;100.19;115.42;58793700.0
562;2009-07-10;101.57;102.78;99.5;100.83;34208000.0
563;2009-07-02;105.99;106.27;101.73;101.73;24758400.0
564;2009-06-26;105.18;106.785;103.51;105.68;30871700.0
565;2009-06-19;107.63;109.14;105.5;105.89;42930700.0
566;2009-06-12;106.64;110.64;105.5;108.21;38913000.0
567;2009-06-05;106.94;108.8;105.11;107.24;35592300.0
568;2009-05-29;101.32;106.5;101.02;106.28;27330100.0
569;2009-05-22;102.0;106.12;101.74;101.89;34599500.0
570;2009-05-15;101.09;104.38;100.57;101.37;42229200.0
571;2009-05-08;105.26;106.82;99.83;101.49;42691700.0
572;2009-05-01;99.61;106.05;99.25;104.61;46394300.0
573;2009-04-24;100.29;103.86;98.2;100.08;59469300.0
574;2009-04-17;100.28;102.04;96.44;101.27;41711800.0
575;2009-04-09;100.9;102.45;98.52;101.7;32887100.0
576;2009-04-03;92.0;102.66;91.8;102.22;64912500.0
577;2009-03-27;93.7;99.86;92.75;94.15;60950700.0
578;2009-03-20;91.34;95.0;89.41;92.51;63330900.0
579;2009-03-13;84.7;90.65;83.02;90.36;61831600.0
580;2009-03-06;91.17;91.9;83.81;85.81;74483600.0
581;2009-02-27;89.3;93.28;82.85;92.03;77805700.0
582;2009-02-20;91.73;92.49;87.34;88.79;42419500.0
583;2009-02-13;95.93;96.98;92.2;93.84;49132900.0
584;2009-02-06;90.6;97.1;89.69;96.14;53659500.0
585;2009-01-30;89.77;94.94;89.52;91.65;50819300.0
586;2009-01-23;84.76;91.6;81.76;89.49;61309500.0
587;2009-01-16;84.57;86.6;82.11;84.92;48180000.0
588;2009-01-09;86.42;90.41;84.25;84.7;41092400.0
589;2009-01-02;81.72;87.59;79.68;87.37;26062900.0
590;2008-12-26;83.27;83.45;79.92;81.33;18974200.0
591;2008-12-19;82.51;87.27;80.0;83.52;50128100.0
592;2008-12-12;82.57;85.88;78.06;82.2;49785100.0
593;2008-12-05;80.95;81.5;75.31;80.59;51454000.0
594;2008-11-28;75.74;82.4;75.0;81.6;39691800.0
595;2008-11-21;79.4;81.0;69.5;74.88;73411500.0
596;2008-11-14;87.99;88.1;75.4;80.33;58194400.0
597;2008-11-07;92.64;94.76;84.25;86.27;47015300.0
598;2008-10-31;80.27;94.19;79.01;92.97;60537100.0
599;2008-10-24;92.21;93.31;78.82;82.07;58306900.0
600;2008-10-17;90.44;99.0;84.35;90.78;75048600.0
601;2008-10-10;101.21;103.0;83.51;87.75;86848900.0
602;2008-10-03;117.44;118.43;103.03;103.44;62809100.0
603;2008-09-26;118.45;121.99;114.14;119.42;34730600.0
604;2008-09-19;115.36;124.0;110.61;118.85;66307100.0
605;2008-09-12;118.0;119.95;115.0;118.97;46783800.0
606;2008-09-05;122.87;124.0;113.17;114.33;42011600.0
607;2008-08-29;124.48;125.45;121.5;121.73;30493600.0
608;2008-08-22;126.49;127.0;121.55;124.93;34457400.0
609;2008-08-15;128.43;128.43;124.4;126.36;32724200.0
610;2008-08-08;126.77;129.97;126.25;128.81;34413900.0
611;2008-08-01;127.69;129.5;126.13;126.64;28699300.0
612;2008-07-25;129.83;130.93;127.26;128.53;45950300.0
613;2008-07-18;121.8;130.0;119.9;129.89;59542700.0
614;2008-07-11;119.62;124.5;119.62;122.12;47346100.0
615;2008-07-03;119.99;120.78;116.6;119.54;32716800.0
616;2008-06-27;123.0;125.83;118.26;120.05;41907700.0
617;2008-06-20;125.46;127.14;122.36;122.74;35367900.0
618;2008-06-13;125.38;126.722;122.86;126.15;31303600.0
619;2008-06-06;128.67;129.37;124.74;124.94;35309300.0
620;2008-05-30;124.01;129.99;124.0;129.43;33079200.0
621;2008-05-23;127.68;128.21;123.02;124.2;31469600.0
622;2008-05-16;123.8;128.83;123.56;127.82;40848500.0
623;2008-05-09;122.76;125.17;120.78;124.06;38973400.0
624;2008-05-02;122.98;124.43;120.5;123.18;36106300.0
625;2008-04-25;122.05;124.9;122.05;123.08;32273700.0
626;2008-04-18;116.2;125.0;115.54;124.4;67195200.0
627;2008-04-11;116.37;119.22;115.28;116.0;38989700.0
628;2008-04-04;113.95;118.37;113.34;115.76;42376300.0
629;2008-03-28;118.57;119.79;114.21;114.57;41496800.0
630;2008-03-20;113.0;118.5;113.0;118.33;39979100.0
631;2008-03-14;113.12;118.0;112.69;115.2301;48594600.0
632;2008-03-07;114.09;116.41;111.8;113.94;39506500.0
633;2008-02-29;107.68;116.63;107.43;113.86;54366700.0
634;2008-02-22;106.79;109.6;104.53;108.07;31292600.0
635;2008-02-15;102.9;108.93;102.87;106.16;33932900.0
636;2008-02-08;108.4;109.0;100.6;103.27;40641500.0
637;2008-02-01;104.41;109.4;103.7;109.08;39007500.0
638;2008-01-25;99.16;107.79;98.5;104.52;57768700.0
639;2008-01-18;105.0;106.72;100.05;103.4;78126300.0
640;2008-01-11;100.355;101.0;97.04;97.67;52601500.0
641;2008-01-04;109.25;110.0;100.48;101.13;33799300.0
642;2007-12-28;111.2;112.19;109.108;110.09;16539900.0
643;2007-12-21;105.37;111.16;104.0;111.05;43481700.0
644;2007-12-14;109.0;110.4;104.1;105.77;36725700.0
645;2007-12-07;105.45;110.0;104.58;108.86;31672000.0
646;2007-11-30;104.4;109.19;101.5;105.18;46569900.0
647;2007-11-23;104.34;105.39;101.34;104.05;27820500.0
648;2007-11-16;101.89;106.42;100.7;104.79;50102700.0
649;2007-11-09;115.11;115.11;99.27;100.2542;62718300.0
650;2007-11-02;113.9;116.25;113.28;114.59;30044700.0
651;2007-10-26;110.97;114.8;110.96;113.73;32762600.0
652;2007-10-19;117.95;119.94;111.8;112.28;53958800.0
653;2007-10-12;116.1;121.46;115.88;117.81;35082300.0
654;2007-10-05;117.61;119.6;115.0;116.3;33529800.0
655;2007-09-28;116.9;118.5;115.79;117.8;33029400.0
656;2007-09-21;114.7;118.1;114.3;116.78;38076800.0
657;2007-09-14;116.15;117.78;114.65;115.13;32211300.0
658;2007-09-07;116.34;118.89;115.33;115.55;28916300.0
659;2007-08-31;113.0;117.35;111.63;116.69;32617900.0
660;2007-08-24;110.9;113.25;108.08;113.24;39957700.0
661;2007-08-17;112.99;113.95;103.7;110.9;55388900.0
662;2007-08-10;111.97;114.6;109.7;112.64;41626500.0
663;2007-08-03;115.62;115.75;110.02;111.89;66192100.0
664;2007-07-27;114.88;118.82;114.85;115.62;64841000.0
665;2007-07-20;108.57;116.48;108.42;114.81;55626100.0
666;2007-07-13;108.73;109.65;108.1;108.6;34811600.0
667;2007-07-06;105.39;109.66;104.58;109.03;24567300.0
668;2007-06-29;104.73;106.92;104.1;105.25;31559100.0
669;2007-06-22;105.27;107.02;104.44;104.44;35051000.0
670;2007-06-15;102.87;105.19;102.1;105.09;34517000.0
671;2007-06-08;106.5;106.59;101.56;103.07;63185700.0
672;2007-06-01;105.57;107.67;105.21;106.54;23208200.0
673;2007-05-25;107.15;108.0;103.57;105.18;30271700.0
674;2007-05-18;105.81;108.05;104.53;107.99;35014200.0
675;2007-05-11;102.76;105.99;102.21;105.98;34979100.0
676;2007-05-04;101.11;103.17;100.97;102.96;38307800.0
677;2007-04-27;95.35;101.7;95.05;101.17;58275300.0
678;2007-04-20;94.99;97.66;93.911;94.58;51786700.0
679;2007-04-13;96.43;96.94;94.53;94.93;27497000.0
680;2007-04-05;94.51;96.75;94.06;96.52;19197800.0
681;2007-03-30;94.84;95.25;93.57;94.26;34042800.0
682;2007-03-23;93.95;95.81;93.39;95.03;26906600.0
683;2007-03-16;93.29;94.47;92.1;93.25;36423000.0
684;2007-03-09;90.25;94.85;90.1;93.28;43505100.0
685;2007-03-02;97.86;97.86;88.77;90.9;52427400.0
686;2007-02-23;98.66;99.5;97.41;97.73;20682500.0
687;2007-02-16;98.8;99.52;97.8;98.99;27047900.0
688;2007-02-09;99.17;100.44;97.81;98.55;34668400.0
689;2007-02-02;98.1;99.73;97.45;99.17;34172300.0
690;2007-01-26;96.42;97.92;96.12;97.45;41549100.0
691;2007-01-19;99.4;100.9;94.55;96.17;58474800.0
692;2007-01-12;98.5;100.33;97.93;99.34;44830200.0
693;2007-01-05;97.17;98.79;96.26;97.42;26942600.0
694;2006-12-29;95.0;97.88;94.92;97.15;15807900.0
695;2006-12-22;94.95;96.5;94.8;95.25;24009800.0
696;2006-12-15;93.72;95.8;93.3;95.3;30414900.0
697;2006-12-08;92.5;94.87;92.25;93.86;28792200.0
698;2006-12-01;92.71;93.24;90.43;91.25;27785200.0
699;2006-11-24;93.77;93.8;92.8;93.35;13559900.0
700;2006-11-17;91.75;94.05;91.41;93.81;23826600.0
701;2006-11-10;91.5;93.4;91.5;91.76;29456500.0
702;2006-11-03;90.3;92.68;89.8;91.41;30108500.0
703;2006-10-27;90.05;92.0;90.01;90.76;35037300.0
704;2006-10-20;86.08;92.04;85.75;90.48;67866100.0
705;2006-10-13;83.14;86.21;83.0;86.08;26864000.0
706;2006-10-06;81.76;83.78;81.56;83.14;25738600.0
707;2006-09-29;81.64;82.79;81.28;81.94;25658300.0
708;2006-09-22;82.56;83.79;81.01;81.21;30290000.0
709;2006-09-15;80.6;83.59;80.25;82.94;27425800.0
710;2006-09-08;81.19;81.54;79.31;80.66;16108000.0
711;2006-09-01;79.91;81.68;79.76;81.41;22236900.0
712;2006-08-25;79.51;80.0;78.42;79.88;18060100.0
713;2006-08-18;75.85;79.97;75.6;79.9;29303900.0
714;2006-08-11;75.63;76.28;75.05;75.48;19054700.0
715;2006-08-04;76.44;77.5;74.9;75.91;20900500.0
716;2006-07-28;74.92;77.3;74.92;76.96;25666400.0
717;2006-07-21;73.34;77.06;72.73;74.86;50614500.0
718;2006-07-14;76.18;76.83;73.37;73.57;37325800.0
719;2006-07-07;77.54;78.53;76.12;76.42;18199800.0
720;2006-06-30;77.04;77.93;76.06;76.82;26797500.0
721;2006-06-23;78.06;78.56;76.94;77.1;27070000.0
722;2006-06-16;77.68;78.78;76.82;77.95;33150500.0
723;2006-06-09;79.1;80.74;76.75;78.01;40341000.0
724;2006-06-02;80.35;80.96;79.15;79.52;23532800.0
725;2006-05-26;79.94;81.3;79.0;80.75;26222700.0
726;2006-05-19;81.8;83.25;79.51;80.28;28629900.0
727;2006-05-12;82.6;83.69;82.3;82.39;22319900.0
728;2006-05-05;82.59;83.55;82.0;82.98;24540000.0
729;2006-04-28;81.3;84.4;81.1;82.34;36485300.0
730;2006-04-21;81.77;84.0;81.26;81.66;35449300.0
731;2006-04-13;82.49;82.74;80.63;81.98;18292300.0
732;2006-04-07;82.72;84.45;82.44;82.48;23780100.0
733;2006-03-31;82.98;83.7;82.2;82.47;23139800.0
734;2006-03-24;83.11;84.99;82.93;83.36;25547800.0
735;2006-03-17;81.56;83.76;81.45;83.3;25173700.0
736;2006-03-10;80.05;82.25;79.86;81.57;23708100.0
737;2006-03-03;80.0;80.89;79.51;79.96;23693200.0
738;2006-02-24;80.1;81.65;79.85;80.1;20014900.0
739;2006-02-17;81.33;81.91;80.13;80.71;26994200.0
740;2006-02-10;79.94;81.46;78.93;81.33;32826100.0
741;2006-02-03;81.02;82.24;79.72;79.97;33566000.0
742;2006-01-27;81.33;82.15;80.59;81.02;32471000.0
743;2006-01-20;82.8;84.7;81.25;81.36;34792500.0
744;2006-01-13;83.9;84.81;82.5;83.17;30173200.0
745;2006-01-06;82.45;85.03;80.81;84.95;36958200.0
746;2005-12-30;83.48;84.5;81.56;82.2;17622000.0
747;2005-12-23;83.23;84.2;82.06;83.48;27298200.0
748;2005-12-16;87.01;87.35;82.75;83.37;39305300.0
749;2005-12-09;88.4;89.92;86.33;86.97;26427900.0
750;2005-12-02;88.8;89.94;88.36;88.65;25765400.0
751;2005-11-25;87.6;89.39;86.88;88.8;18193100.0
752;2005-11-18;84.25;88.0;84.03;87.77;30719600.0
753;2005-11-11;83.1;84.84;82.3;84.55;21762600.0
754;2005-11-04;81.51;83.3;80.64;83.0;31154000.0
755;2005-10-28;83.15;83.95;80.5;81.42;25793400.0
756;2005-10-21;82.36;84.6;81.93;83.33;39286100.0
757;2005-10-14;81.24;83.52;81.08;82.35;36349300.0
758;2005-10-07;80.22;81.47;78.7;80.5;30921800.0
759;2005-09-30;78.31;80.55;76.93;80.22;30116700.0
760;2005-09-23;79.74;79.98;77.3;78.0;31701800.0
761;2005-09-16;81.03;82.11;79.67;80.33;25110400.0
762;2005-09-09;79.7;81.52;79.7;81.44;18681300.0
763;2005-09-02;80.0;81.75;79.34;79.46;25171500.0
764;2005-08-26;82.75;83.35;80.26;80.38;22210500.0
765;2005-08-19;81.9;83.3;80.8;82.76;22885800.0
766;2005-08-12;83.41;84.01;81.62;82.19;22568800.0
767;2005-08-05;83.0;84.2;82.73;83.36;22265700.0
768;2005-07-29;83.98;84.52;82.81;83.46;24382900.0
769;2005-07-22;81.99;85.11;81.68;84.44;45014200.0
770;2005-07-15;79.4;82.75;78.52;82.38;45662500.0
771;2005-07-08;74.38;79.52;74.16;79.3;37388800.0
772;2005-07-01;74.01;75.68;73.45;74.67;30677800.0
773;2005-06-24;76.03;77.49;74.0;74.01;33289800.0
774;2005-06-17;74.5;77.73;74.45;76.39;33568000.0
775;2005-06-10;75.8;76.09;74.1;74.77;24804200.0
776;2005-06-03;76.6;77.5;75.5;75.79;23975100.0
777;2005-05-27;76.3;77.41;75.17;77.1;24899800.0
778;2005-05-20;73.09;77.64;73.09;76.41;34306900.0
779;2005-05-13;75.26;75.46;72.5;73.16;33727100.0
780;2005-05-06;76.88;78.11;74.97;75.26;39063200.0
781;2005-04-29;75.24;77.18;74.05;76.38;51112000.0
782;2005-04-22;77.15;77.75;71.85;74.21;70090000.0
783;2005-04-15;87.35;87.56;76.33;76.7;62144400.0
784;2005-04-08;90.08;90.62;87.5;87.6;27677900.0
785;2005-04-01;90.71;91.76;90.04;90.44;25553000.0
786;2005-03-24;89.42;91.55;89.26;90.7;18904100.0
787;2005-03-18;91.5;92.27;89.09;89.28;25767500.0
788;2005-03-11;92.35;93.0;91.2;91.51;24562700.0
789;2005-03-04;92.53;93.73;92.2;92.37;22028900.0
790;2005-02-25;92.67;93.5;91.55;92.8;18680300.0
791;2005-02-18;93.16;94.97;92.55;93.27;20002800.0
792;2005-02-11;94.35;94.9;92.3;93.3;21103700.0
793;2005-02-04;93.65;94.74;93.0;94.51;19731000.0
794;2005-01-28;92.7;93.59;91.44;92.89;27667500.0
795;2005-01-21;93.65;95.34;92.23;92.38;28556000.0
796;2005-01-14;95.78;96.2;93.55;94.1;26060300.0
797;2005-01-07;98.97;99.1;95.47;95.78;27415300.0
798;2004-12-31;97.69;99.0;97.37;98.58;17501200.0
799;2004-12-23;96.35;98.0;96.35;97.72;18152400.0
800;2004-12-17;96.85;98.15;96.08;96.2;27720400.0
801;2004-12-10;96.88;98.25;95.71;96.67;26952800.0
802;2004-12-03;94.94;97.63;94.24;97.08;29413700.0
803;2004-11-26;94.3;95.79;94.16;94.72;17298900.0
804;2004-11-19;95.08;96.63;94.25;94.45;27259900.0
805;2004-11-12;92.5;95.5;92.5;95.32;28090600.0
806;2004-11-05;89.33;93.52;89.23;93.28;30762600.0
807;2004-10-29;87.36;90.27;87.31;89.75;27890400.0
808;2004-10-22;84.3;89.73;84.29;87.39;39927800.0
809;2004-10-15;86.77;87.2;84.3;84.85;24456500.0
810;2004-10-08;87.0;88.1;86.51;86.71;21303400.0
811;2004-10-01;84.1;86.98;83.88;86.72;22465000.0
812;2004-09-24;85.4;86.43;83.24;84.43;23167900.0
813;2004-09-17;87.0;87.28;85.44;85.74;23207800.0
814;2004-09-10;84.7;87.0;84.6;86.76;17994900.0
815;2004-09-03;84.57;85.09;83.65;84.39;17286100.0
816;2004-08-27;85.23;85.45;84.35;84.94;16955800.0
817;2004-08-20;83.7;85.35;83.51;85.25;21524300.0
818;2004-08-13;83.48;84.99;81.9;83.91;26196900.0
819;2004-08-06;86.87;87.39;83.42;83.48;20815300.0
820;2004-07-30;84.85;87.4;84.51;87.07;22923000.0
821;2004-07-23;84.5;87.11;84.4;84.85;28063300.0
822;2004-07-16;84.0;86.48;83.42;84.28;35836700.0
823;2004-07-09;86.5;86.73;83.51;83.89;26209600.0
824;2004-07-02;89.71;89.9;86.57;87.04;21510400.0
825;2004-06-25;90.4;90.92;88.94;89.55;22021500.0
826;2004-06-18;90.05;91.21;89.62;90.06;22426400.0
827;2004-06-10;88.75;90.75;88.01;90.46;18366900.0
828;2004-06-04;88.09;88.64;87.3;87.56;15611800.0
829;2004-05-28;87.75;89.08;86.55;88.59;20742800.0
830;2004-05-21;85.3;88.88;85.15;87.13;26694400.0
831;2004-05-14;87.6;88.15;85.12;86.41;31619400.0
832;2004-05-07;88.13;89.75;87.2012;88.19;25650700.0
833;2004-04-30;90.75;91.99;88.01;88.17;26790300.0
834;2004-04-23;91.9;92.48;89.7;91.28;26094200.0
835;2004-04-16;93.5;94.36;91.04;92.28;31404700.0
836;2004-04-08;93.95;94.39;92.51;93.12;16201400.0
837;2004-04-02;92.99;94.55;91.35;94.2;25046900.0
838;2004-03-26;91.27;93.25;90.28;92.77;27482700.0
839;2004-03-19;92.6;93.79;90.88;91.62;27477500.0
840;2004-03-12;96.49;96.88;91.15;93.3;32862500.0
841;2004-03-05;96.5;97.6;95.56;96.45;21755500.0
842;2004-02-27;97.4;97.51;95.2;96.5;25680600.0
843;2004-02-20;99.99;100.0;97.19;97.31;19898100.0
844;2004-02-13;99.31;100.31;98.41;99.71;20479500.0
845;2004-02-06;99.15;100.43;98.25;98.94;31683700.0
846;2004-01-30;97.9;99.85;96.55;99.23;30864500.0
847;2004-01-23;96.0;98.21;95.73;97.9;25889600.0
848;2004-01-16;91.21;95.65;89.01;95.32;48592000.0
849;2004-01-09;92.0;93.38;91.0;91.21;28694600.0
850;2004-01-02;93.1;93.73;91.2;91.55;18092000.0
851;2003-12-26;92.83;93.5;92.18;92.9;11178100.0
852;2003-12-19;93.43;94.12;91.88;93.14;33482600.0
853;2003-12-12;90.52;93.16;90.52;92.71;30943400.0
854;2003-12-05;90.9;91.48;90.03;90.64;27735300.0
855;2003-11-28;89.03;90.68;88.95;90.54;15370200.0
856;2003-11-21;89.9;90.18;88.23;88.63;25235500.0
857;2003-11-14;89.55;91.48;88.89;90.25;28880700.0
858;2003-11-07;89.9;90.84;87.72;88.26;28479700.0
859;2003-10-31;88.8;90.71;88.05;89.48;28610800.0
860;2003-10-24;89.35;89.4;87.53;88.42;29376600.0
861;2003-10-17;93.1;94.54;88.66;89.23;47597600.0
862;2003-10-10;90.74;93.6;90.4;92.67;27727600.0
863;2003-10-03;89.25;91.95;87.9;90.64;35612700.0
864;2003-09-26;92.24;92.24;89.0;89.05;34494900.0
865;2003-09-19;89.7;93.47;88.39;93.28;42039300.0
866;2003-09-12;88.45;89.97;86.4;88.7;41601200.0
867;2003-09-05;82.4;88.29;82.3;86.95;41027800.0
868;2003-08-29;82.85;83.03;81.27;82.01;24293600.0
869;2003-08-22;82.05;84.72;81.9;82.97;30615500.0
870;2003-08-15;80.87;82.19;80.28;81.79;22220100.0
871;2003-08-08;80.75;81.36;78.73;80.88;30290600.0
872;2003-08-01;83.67;83.7;80.05;81.27;34886500.0
873;2003-07-25;83.2;83.74;81.51;83.55;33171000.0
874;2003-07-18;86.0;87.03;82.5;83.72;45286100.0
875;2003-07-11;84.8;86.75;83.47;84.89;32242400.0
876;2003-07-03;83.9;84.89;81.4;83.95;22755900.0
877;2003-06-27;84.79;84.79;82.09;83.42;27829700.0
878;2003-06-20;83.1;85.29;82.55;84.92;37484300.0
879;2003-06-13;80.0;84.98;79.81;82.75;41268000.0
880;2003-06-06;89.0;89.08;79.84;80.05;69955400.0
881;2003-05-30;84.51;88.7;84.51;88.04;26786400.0
882;2003-05-23;88.05;88.47;84.89;85.26;32835800.0
883;2003-05-16;87.55;90.4;87.1;88.99;38800700.0
884;2003-05-09;87.2;88.34;85.75;87.55;35257500.0
885;2003-05-02;84.05;87.57;83.62;87.57;39359000.0
886;2003-04-25;84.4;86.06;82.6;83.88;36064700.0
887;2003-04-17;78.5;84.4;78.16;84.26;42212300.0
888;2003-04-11;82.6;82.9;78.13;78.75;39935800.0
889;2003-04-04;79.26;83.48;78.12;80.79;46339300.0
890;2003-03-28;82.46;84.0;80.5;80.85;42576300.0
891;2003-03-21;78.0;84.9;77.84;84.9;58133300.0
892;2003-03-14;77.45;79.48;73.17;79.0;48104400.0
893;2003-03-07;78.9;79.0;75.71;77.9;32954000.0
894;2003-02-28;79.7;79.99;76.75;77.95;39649300.0
895;2003-02-21;78.02;80.05;77.91;79.95;26970500.0
896;2003-02-14;77.1;78.97;74.31;77.45;41674400.0
897;2003-02-07;78.2;78.9;76.25;77.1;37378500.0
898;2003-01-31;77.99;81.3;77.02;78.2;42173800.0
899;2003-01-24;81.3;81.85;78.82;78.99;34478700.0
900;2003-01-17;88.31;88.95;81.18;81.3;53450200.0
901;2003-01-10;81.9;88.04;81.81;87.68;50004000.0
902;2003-01-03;77.0;81.65;75.6;81.65;29764800.0
903;2002-12-27;79.75;81.5;76.61;77.36;20460800.0
904;2002-12-20;79.6;81.79;78.24;79.79;36539200.0
905;2002-12-13;81.0;82.48;78.27;80.0;37355200.0
906;2002-12-06;88.6;89.46;81.07;82.32;41270300.0
907;2002-11-29;84.63;88.11;83.52;86.92;28402500.0
908;2002-11-22;80.8;85.17;77.84;84.43;45101100.0
909;2002-11-15;77.59;80.99;76.7;80.01;49429400.0
910;2002-11-08;81.99;83.81;77.2;77.59;52109900.0
911;2002-11-01;75.15;80.5;74.2;80.4;56125400.0
912;2002-10-25;73.65;75.9;71.75;74.56;51727300.0
913;2002-10-18;61.54;74.25;61.54;74.25;72253200.0
914;2002-10-11;56.6;63.92;54.01;63.92;67066500.0
915;2002-10-04;59.55;62.0;55.77;56.6;60869200.0
916;2002-09-27;63.75;64.88;59.55;60.36;59368300.0
917;2002-09-20;72.0;73.45;63.9;63.92;59733100.0
918;2002-09-13;72.45;77.5;71.31;72.5;29374700.0
919;2002-09-06;74.2;75.0;71.5;73.2;24168200.0
920;2002-08-30;80.4;80.89;75.1;75.38;31535800.0
921;2002-08-23;79.35;82.85;79.01;80.4;37599000.0
922;2002-08-16;71.05;79.98;70.61;79.35;42544100.0
923;2002-08-09;67.94;74.3;65.85;71.83;38896400.0
924;2002-08-02;70.37;72.7;67.12;67.88;50523500.0
925;2002-07-26;71.25;72.19;65.7;66.4;64004300.0
926;2002-07-19;68.4;74.2;66.6;72.0;59368700.0
927;2002-07-12;73.0;73.48;67.55;69.21;50325700.0
928;2002-07-05;72.01;73.9;67.16;73.5;37781700.0
929;2002-06-28;67.25;73.62;66.1;72.0;56342200.0
930;2002-06-21;76.18;77.75;68.19;68.75;51132700.0
931;2002-06-14;77.75;78.8;73.25;76.17;45826900.0
932;2002-06-07;80.75;80.95;77.0;78.3;37678900.0
933;2002-05-31;82.8;83.11;80.22;80.45;21571900.0
934;2002-05-24;85.45;85.46;82.52;83.1;25012600.0
935;2002-05-17;80.25;86.49;79.5;85.69;37347700.0
936;2002-05-10;81.7;83.0;75.92;79.68;61363200.0
937;2002-05-03;84.71;85.23;81.11;81.78;42862500.0
938;2002-04-26;88.95;89.08;84.7;84.71;31976500.0
939;2002-04-19;86.5;90.03;84.0;89.0;51860900.0
940;2002-04-12;87.5;89.95;83.34;85.6;110897800.0
941;2002-04-05;104.0;104.0;97.25;97.25;36348600.0
942;2002-03-28;105.8;106.66;102.3;104.0;25371800.0
943;2002-03-22;107.1;108.64;104.7;105.6;25381100.0
944;2002-03-15;104.35;108.85;103.6;106.79;42307200.0
945;2002-03-08;103.35;107.5;103.13;105.09;47715500.0
946;2002-03-01;98.45;103.1;95.99;103.02;51947900.0
947;2002-02-22;101.5;101.8;95.76;98.45;48524400.0
948;2002-02-15;105.0;109.15;101.7;102.89;39939500.0
949;2002-02-08;108.0;108.5;102.61;104.99;35602600.0
950;2002-02-01;109.5;110.21;101.0;108.0;55992100.0
951;2002-01-25;114.25;114.26;107.0;109.28;38030400.0
952;2002-01-18;120.0;120.55;112.81;114.25;50634800.0
953;2002-01-11;125.0;126.39;120.28;120.31;31815400.0
954;2002-01-04;122.75;125.6;119.8;125.6;27402400.0
955;2001-12-28;122.05;123.93;121.1;122.9;13450200.0
956;2001-12-21;120.15;124.7;120.15;122.0;34859100.0
957;2001-12-14;120.0;123.21;119.41;121.1;36439000.0
958;2001-12-07;114.8;121.98;113.21;120.4;45132800.0
959;2001-11-30;115.9;116.4;111.81;115.59;29636100.0
960;2001-11-23;114.7;116.8;113.05;115.35;17282200.0
961;2001-11-16;113.0;117.0;112.05;114.5;36592100.0
962;2001-11-09;109.95;115.56;109.0;114.08;37385000.0
963;2001-11-02;110.5;111.12;106.9;109.5;37116500.0
964;2001-10-26;102.65;112.1;101.9;111.16;43172300.0
965;2001-10-19;99.85;106.7;99.66;102.65;63537500.0
966;2001-10-12;98.03;101.0;94.9;100.84;48258400.0
967;2001-10-05;91.72;98.88;91.34;98.02;46507700.0
968;2001-09-28;91.8;96.0;87.49;91.72;61809500.0
969;2001-09-21;93.9;96.85;89.5;90.5;75868900.0
970;2001-09-10;96.0;97.4;95.59;96.47;10311500.0
971;2001-09-07;100.15;103.13;96.0;96.59;41322600.0
972;2001-08-31;106.99;108.2;98.86;99.95;38331400.0
973;2001-08-24;104.68;107.8;101.4;106.99;33343800.0
974;2001-08-17;105.0;106.85;103.66;104.59;29688900.0
975;2001-08-10;107.25;107.37;102.7;104.95;26622100.0
976;2001-08-03;104.9;110.09;104.76;108.18;25049100.0
977;2001-07-27;105.7;106.95;102.73;104.7;32638300.0
978;2001-07-20;108.53;109.38;103.03;105.7;48299000.0
979;2001-07-13;106.5;109.3;101.56;108.53;45082800.0
980;2001-07-06;113.5;115.4;105.81;106.5;25362500.0
981;2001-06-29;113.75;116.95;111.1;113.5;35230300.0
982;2001-06-22;113.98;117.25;111.36;112.87;33926900.0
983;2001-06-15;116.3;118.47;113.38;113.6;39520000.0
984;2001-06-08;113.25;119.0;112.85;116.1;29113600.0
985;2001-06-01;117.35;117.59;111.64;112.89;27279700.0
986;2001-05-25;117.95;119.9;117.1;117.8;34172800.0
987;2001-05-18;111.2;117.68;111.0;117.44;32527500.0
988;2001-05-11;116.2;118.9;110.96;111.81;37758700.0
989;2001-05-04;116.4;118.95;111.2;115.86;40113600.0
990;2001-04-27;114.01;116.9;111.68;116.2;38874700.0
991;2001-04-20;96.2;116.4;95.2;114.83;77541600.0
992;2001-04-12;98.5;101.94;93.8;96.2;40874500.0
993;2001-04-06;97.45;100.0;90.05;97.95;61562900.0
994;2001-03-30;95.25;100.0;93.75;96.18;52337900.0
995;2001-03-23;91.0;94.99;87.65;93.51;56911400.0
996;2001-03-16;97.9;98.9;88.2;90.1;69318700.0
997;2001-03-09;102.81;108.4;97.9;99.29;46134500.0
998;2001-03-02;105.8;107.65;97.5;102.3;59912700.0
999;2001-02-23;114.55;115.6;100.25;104.0;42890800.0
1000;2001-02-16;110.55;118.64;110.3;115.0;36127100.0
1001;2001-02-09;109.4;118.2;109.3;112.0;36346600.0
1002;2001-02-02;112.5;116.75;109.6;110.27;32690400.0
1003;2001-01-26;109.5;115.25;107.62;114.19;40283600.0
1004;2001-01-19;93.75;113.94;91.81;111.25;55406000.0
1005;2001-01-12;93.5;96.44;91.25;93.81;37351000.0
1006;2001-01-05;84.5;99.75;83.75;94.0;44240800.0
1007;2000-12-29;89.0;89.56;82.12;85.0;31039700.0
1008;2000-12-22;88.37;94.44;80.06;89.0;50218000.0
1009;2000-12-15;96.5;98.25;87.31;87.81;41477400.0
1010;2000-12-08;96.0;104.75;93.12;97.0;37530500.0
1011;2000-12-01;100.44;102.0;92.25;95.62;32366400.0
1012;2000-11-24;101.5;104.37;98.31;99.94;22641900.0
1013;2000-11-17;91.81;102.5;91.62;101.94;29453200.0
1014;2000-11-10;99.87;103.75;93.0;93.0;32715700.0
1015;2000-11-03;93.5;102.62;90.31;100.12;39746400.0
1016;2000-10-27;94.75;95.0;86.94;93.69;48790400.0
1017;2000-10-20;111.5;113.87;90.25;94.75;73706800.0
1018;2000-10-13;115.94;119.37;103.12;109.06;38085500.0
1019;2000-10-06;112.62;119.62;108.56;116.0;43940700.0
1020;2000-09-29;124.5;126.62;110.25;112.62;31360800.0
1021;2000-09-22;125.25;126.69;120.0;123.87;22129500.0
1022;2000-09-15;127.87;129.19;122.75;125.0;28000200.0
1023;2000-09-08;132.81;134.88;129.38;129.5;20201600.0
1024;2000-09-01;129.88;134.94;129.56;133.63;30751200.0
1025;2000-08-25;121.06;129.88;119.87;129.0;24522100.0
1026;2000-08-18;120.0;123.69;119.31;120.44;23739400.0
1027;2000-08-11;116.62;121.81;115.56;120.62;29859300.0
1028;2000-08-04;110.5;116.5;110.06;115.87;24015800.0
1029;2000-07-28;114.12;115.62;108.87;111.81;28454700.0
1030;2000-07-21;104.44;117.81;101.0;114.75;52881600.0
1031;2000-07-14;104.69;105.94;101.0;103.94;25072200.0
1032;2000-07-07;108.75;109.87;100.0;105.06;38608400.0
1033;2000-06-30;113.0;115.75;108.62;109.56;32971500.0
1034;2000-06-23;113.5;120.69;110.81;111.87;27864000.0
1035;2000-06-16;119.12;120.44;113.25;113.25;26364000.0
1036;2000-06-09;108.44;122.31;108.44;119.69;37831000.0
1037;2000-06-02;107.75;111.0;105.5;108.81;18535800.0
1038;2000-05-26;106.0;112.25;103.44;106.94;31197000.0
1039;2000-05-19;104.0;109.25;102.0;106.44;29694500.0
1040;2000-05-12;108.06;110.62;102.06;104.44;33410400.0
1041;2000-05-05;112.5;113.62;106.5;107.87;22151300.0
1042;2000-04-28;102.0;113.94;101.25;111.5;35488400.0
1043;2000-04-20;103.87;115.12;102.06;104.0;43482800.0
1044;;103.87;115.12;102.06;104.0;43482800.0
